Percentage,RMSE,PSNR
1.000000,0.000211,73.477590
5.000000,0.001080,59.296581
10.000000,0.002199,53.122905
15.000000,0.003324,49.532109
25.000000,0.005673,44.890374
40.000000,0.009491,40.419325
50.000000,0.012291,38.174114
60.000000,0.015403,36.214118
75.000000,0.021034,33.507764
85.000000,0.026283,31.572588
90.000000,0.030407,30.306649
95.000000,0.038265,28.309977
99.000000,0.063598,23.897153
