ThresholdOrRadius,RMSE,PSNR,FrequenciesEliminated
1,87.2288,9.3176,65527
5,87.2282,9.31766,65283
10,87.2254,9.31795,64503
15,87.2211,9.31837,63223
25,87.2075,9.31973,59099
40,87.172,9.32326,49067
50,87.1345,9.327,39791
60,87.0741,9.33303,28479
75,86.8782,9.35259,9533
85,86.5207,9.38841,3149
90,86.0434,9.43645,1357
95,84.2665,9.61771,325
99,78.8991,10.1894,13
